{
    "userInfo": [{
            "id": 1,
            "name": "John",
            "age": 30,
            "gender": "Male",
            "address": "New York",
            "phone": "+1234567890",
            "email": "john@gmail.com"
        },
        {
            "id": 2,
            "name": "Chandra Shekar Reddy",
            "age": 40,
            "gender": "Male",
            "address": "Arlington",
            "phone": "+12098347810",
            "email": "peter@gmail.com"
        },
        {
            "id": 3,
            "name": "Mary",
            "age": 50,
            "gender": "Female",
            "address": "Paris",
            "phone": "+1239876543",
            "email": "mary@gmail.com"
        }
    ],
    "userPolicies": [{
            "policyId": "3894573",
            "policyName": "Life Insurance",
            "policyType": "Life",
            "policyAmount": 100000,
            "policyStartDate": "2019-01-01",
            "policyEndDate": "2025-01-01",
            "policyStatus": "Active",
            "policyHolderId": 2
        },
        {
            "policyId": "3894574",
            "policyName": "Health Insurance",
            "policyType": "Health",
            "policyAmount": 50000,
            "policyStartDate": "2019-01-01",
            "policyEndDate": "2025-01-01",
            "policyStatus": "Active",
            "policyHolderId": 1
        },
        {
            "policyId": "3894575",
            "policyName": "Car Insurance",
            "policyType": "Car",
            "policyAmount": 20000,
            "policyStartDate": "2019-01-01",
            "policyEndDate": "2025-01-01",
            "policyStatus": "Active",
            "policyHolderId": 3
        },
        {
            "policyId": "3894576",
            "policyName": "Pet Insurance",
            "policyType": "Home",
            "policyAmount": 30000,
            "policyStartDate": "2019-01-01",
            "policyEndDate": "2025-01-01",
            "policyStatus": "Active",
            "policyHolderId": "+12098347810"
        }
    ],
    "tickets": [{
            "ticketId": "123456",
            "ticketType": "Complaint",
            "ticketStatus": "Open",
            "ticketDescription": "I have a complaint about my policy",
            "RaisedOn": "2019-01-01",
            "ticketUserId": "+12098347810"
        },
        {
            "ticketId": "123457",
            "ticketType": "Complaint",
            "ticketStatus": "Closed",
            "ticketDescription": "I have a complaint about my policy",
            "RaisedOn": "2022-08-01",
            "ticketUserId": "+12098347810"
        },
        {
            "ticketId": "123458",
            "ticketType": "Complaint",
            "ticketStatus": "Open",
            "ticketDescription": "I have a complaint about my policy",
            "RaisedOn": "2022-08-01",
            "ticketUserId": "+1239876543"
        },
        {
            "ticketId": 60581,
            "ticketType": "Complaint",
            "ticketStatus": "Open",
            "ticketDescription": "My policy isn’t claimed fully",
            "RaisedOn": "2022-10-02T08:26:11.156Z",
            "ticketUserId": "+12098347810"
        },
        {
            "ticketId": 55447,
            "ticketType": "Complaint",
            "ticketStatus": "Open",
            "ticketDescription": "Claim",
            "RaisedOn": "2022-10-02T08:56:37.441Z",
            "ticketUserId": "+12098347810"
        },
        {
            "ticketId": 60030,
            "ticketType": "Complaint",
            "ticketStatus": "Open",
            "ticketDescription": "Cancel",
            "RaisedOn": "2022-10-02T08:57:43.531Z",
            "ticketUserId": "+12098347810"
        },
        {
            "ticketId": 53215,
            "ticketType": "Complaint",
            "ticketStatus": "Open",
            "ticketDescription": "Cancel",
            "RaisedOn": "2022-10-02T09:09:09.173Z",
            "ticketUserId": "+12098347810"
        }
    ],
    "claims": [{
            "claimId": "123456",
            "claimType": "Health",
            "claimStatus": "Open",
            "claimAmount": 10000,
            "claimDescription": "I have a claim for my health insurance",
            "claimRaisedOn": "2019-01-01",
            "claimUserId": "+12098347810"
        },
        {
            "claimId": "123457",
            "claimType": "Car",
            "claimStatus": "Claimed",
            "claimAmount": 25000,
            "claimDescription": "I have a claim for my car insurance",
            "claimRaisedOn": "2022-08-01",
            "claimUserId": "+12098347810"
        },
        {
            "claimId": "123458",
            "claimType": "Home",
            "claimStatus": "Open",
            "claimAmount": 30000,
            "claimDescription": "I have a claim for my home insurance",
            "claimRaisedOn": "2022-08-01",
            "claimUserId": "+1239876543"
        },
        {
            "claimId": 60581,
            "claimType": "Health",
            "claimStatus": "In Review",
            "claimAmount": 17000,
            "claimDescription": "My policy isn’t claimed fully",
            "claimRaisedOn": "2022-10-02T08:26:11.156Z",
            "claimUserId": "+12098347810",
            "zipCode": "76010"
        }
    ],
    "servicesWithLocations": [{
        "serviceId": "123456",
        "serviceName": "Medicity Hospital",
        "serviceType": "Hospital",
        "serviceAddress": "1234, 5th Avenue, New York",
        "servicePhone": "+168468648",
        "serviceEmail": "medicity@gmail.com",
        "zipCode": "76010"
    }, {
        "serviceId": "123457",
        "serviceName": "Image Hospitals",
        "serviceType": "Hospital",
        "serviceAddress": "1234, 5th Avenue, Irving",
        "servicePhone": "+168468648",
        "serviceEmail": "image@hospital.com",
        "zipCode": "76030"
    }, {
        "serviceId": "123458",
        "serviceName": "Auto Mobiles Repair",
        "serviceType": "Car Repair",
        "serviceAddress": "1234, 5th Avenue, Dallas",
        "servicePhone": "+168468648",
        "serviceEmail": "repairs@automobile.com",
        "zipCode": "76010"
    }, {
        "serviceId": "123459",
        "serviceName": "Auto Repairs",
        "serviceType": "Car Repair",
        "serviceAddress": "1234, 5th Avenue, Dallas",
        "servicePhone": "+168468648",
        "serviceEmail": "auto@repairs.com",
        "zipCode": "76010"
    }, {
        "serviceId": "123460",
        "serviceName": "Car Repairs",
        "serviceType": "Car Repair",
        "serviceAddress": "1234, 5th Avenue, Dallas",
        "servicePhone": "+168468648",
        "serviceEmail": "cars@repairs.com",
        "zipCode": "76030"
    }, {
        "serviceId": "123461",
        "serviceName": "Vets Clinic",
        "serviceType": "Pet Care",
        "serviceAddress": "1234, 5th Avenue, Dallas",
        "servicePhone": "+168468648",
        "serviceEmail": "vets@clinic.com",
        "zipCode": "76010"
    }]
}